id;login;name;phone_number;country_code;secret;active;date_created
1;Officer Route;integrated Automotive black;India;MU;Communications Jersey;true;2022-11-07T05:33:43
2;Grass-roots;Infrastructure Connecticut;scale Metal;GN;Movies optimize;false;2022-11-07T11:30:23
3;asymmetric;International invoice Metal;application bandwidth;AO;silver Loan;true;2022-11-07T06:12:35
4;mission-critical Rubber;deposit impactful;Pitcairn;SH;internet Polarised;false;2022-11-07T18:01:12
5;Wyoming Italy Supervisor;optical Mouse;protocol sexy Quality;VN;User-friendly Colon SAS;true;2022-11-07T13:01:59
6;Practical Up-sized South;Dollar Auto;Tactics Avon Gorgeous;IE;eyeballs Frozen;false;2022-11-07T14:40:03
7;Electronics Track;zero;client-driven invoice world-class;PF;neural;true;2022-11-07T12:19:57
8;maximized Pennsylvania navigate;aggregate Facilitator;Investor Hawaii efficient;RS;Rubber Pitcairn;false;2022-11-06T21:32:55
9;Bedfordshire;generating Frozen maximize;Direct North matrix;US;green;false;2022-11-07T15:40:02
10;generating;back-end;transmitting Representative;GF;Nicaragua Generic Platinum;true;2022-11-07T10:51:09
